source_id,publisher,kind,ports,source_url,source_published_on,source_published_at,checked_on,checked_at,valid_from,valid_through,supported_claim,confidence,missing_evidence
liverpool-65,Peel Ports,primary-notice,Liverpool,https://www.peelports.com/media/yjniy2gc/lntm-2026-065-temporary-closures-of-langton-lock.pdf,2026-09-25,,2026-09-25,2026-09-25T15:32:54+01:00,2026-09-27T15:00:00+01:00,2026-09-28T19:00:00+01:00,"Notice 65/2026 schedules Langton Lock closed to vessel movements for diving inspections from 15:00 to 20:00 on 27 September and from 14:00 to 19:00 on 28 September. Passing vessels must use minimum safe speed and give the lock entrance a wide berth.","high for the stated closure periods and navigation instruction; none for port-wide congestion","Actual lock availability outside the stated periods and timestamped port-wide queue, waiting-time or berth-utilisation measurements."
liverpool-57a,Peel Ports,primary-notice-amendment,Liverpool,https://www.peelports.com/media/aohh3flb/lntm-2026-057-a-temporary-closure-of-south-gladstone-branch-dock-no-2.pdf,2026-08-26,,2026-09-25,2026-09-25T15:32:54+01:00,2026-09-14T00:00:00+01:00,2026-10-02T19:00:00+01:00,"Amended Notice 57/2026 extends the closure of the south quay of South Gladstone Branch Dock No. 2 from 14 September at 00:00 until 2 October at 19:00. Vessels must not come alongside the quay during that period.","high for the amended closure period and restriction; none for port-wide congestion","The notice does not report port-wide queues, waiting time, berth utilisation or shipment-specific effects."
liverpool-55,Peel Ports,primary-notice,Liverpool,https://www.peelports.com/media/142jelmm/lntm-2026-055-temporary-closure-of-s7-and-s8.pdf,2026-08-26,,2026-09-25,2026-09-25T15:32:54+01:00,2026-09-01,2026-09-29,"Notice 55/2026 schedules closure of S7 and part of S8 at Royal Seaforth Dock from 1 to 29 September 2026. The restricted quay section is 480 m to 792 m.","high for notice content; current amendments not independently confirmed","Timestamped port-wide queue, waiting-time and berth-utilisation measurements suitable for comparison."
dublin-49,Dublin Port,primary-notice,Dublin,https://www.dublinport.ie/wp-content/uploads/2026/09/49-2026-Capital-Dredge-Campaign.pdf,2026-09-22,,2026-09-25,2026-09-25T15:32:54+01:00,2026-10-01,,"Notice 49/2026 schedules a capital dredging campaign from 1 October for approximately two weeks off new berth 53, between Oil Berths 2 and 3, in Alexandra Basin East, and in named inner-fairway locations. Vessels should pass at slow speed and allow for dredging craft restricted manoeuvrability.","high for the stated period, locations, craft and navigation advice; none for port-wide congestion","The notice gives an approximate two-week period, not a confirmed end date or a measurement of queues, waiting times, berth utilisation or port-wide congestion."
belfast-15,Belfast Harbour Commissioners,primary-notice,Belfast,https://www.belfast-harbour.co.uk/wp-content/uploads/2026/07/No.15-of-2026-%E2%80%93-Oil-Berth-3-Works.pdf,2026-07-29,,2026-09-25,2026-09-25T15:32:54+01:00,2026-08-03,,"Notice 15/2026 says Oil Berth 3 repair works were scheduled to start on 3 August 2026 and take 40 weeks. Vessels must proceed with caution and reduced speed; some operational impacts and additional towage may arise at certain stages.","high for the notice schedule and navigation instructions; actual daily work stage must be confirmed","The notice does not quantify current vessel delay, queues, waiting time or port-wide berth utilisation."
belfast-19-rev1,Belfast Harbour Commissioners,primary-notice,Belfast,https://www.belfast-harbour.co.uk/wp-content/uploads/2026/08/No.19-of-2026-Rev.-1-Revised-Depths-in-Belfast-Harbour.pdf,2026-08-20,,2026-09-25,2026-09-25T15:32:54+01:00,2026-08-20,,"Notice 19/2026 Revision 1 states that revised berth-depth restrictions are in operation and vessels with draughts greater than the declared pocket depths will not be accepted without prior authorisation from Port Operations.","high for the published depth restrictions; current vessel acceptance remains subject to Port Operations","The notice does not report current vessel queues, waiting time or port-wide berth utilisation."
belfast-notices-index-2026-09-25,Belfast Harbour Commissioners,primary-index,Belfast,https://www.belfast-harbour.co.uk/news/document_categories/notice-to-mariners/,,,2026-09-25,2026-09-25T15:32:54+01:00,,,"The archive lists Notice 22/2026, Turbidity Buoy Deployment for D3 Works; operational details remain unavailable from the linked page.","high that Notice 22 and its title are listed; none for unavailable dates, positions, instructions or port-wide congestion","Notice 22 publication time, deployment dates, buoy positions, navigation instructions, and timestamped port-wide measurements."
met-office-shipping-2026-09-25,Met Office on behalf of the Maritime and Coastguard Agency,official-weather-forecast,Irish Sea,https://weather.metoffice.gov.uk/specialist-forecasts/coast-and-sea/print/shipping-forecast,2026-09-25,2026-09-25T10:30:00+01:00,2026-09-25,2026-09-25T15:32:54+01:00,2026-09-25T12:00:00+01:00,2026-09-26T12:00:00+01:00,"The forecast carries no formal gale warning for the Irish Sea or Malin. Irish Sea winds are southwest force 3 to 5 and occasionally force 6 later. This is sea-area weather context, not a port congestion measurement.","high for the stated forecast period; none for port-wide congestion conditions","Port-specific effects and timestamped port-wide queue, waiting-time and berth-utilisation measurements."
met-office-inshore-2026-09-25,Met Office,official-weather-forecast,"Liverpool approaches, Isle of Man, Northern Ireland coasts and North Channel",https://weather.metoffice.gov.uk/specialist-forecasts/coast-and-sea/print/inshore-waters-forecast?area=2&x=8&y=10,2026-09-25,,2026-09-25,2026-09-25T15:32:54+01:00,,,"Strong-wind warnings cover Great Orme Head to the Mull of Galloway, the Isle of Man, Lough Foyle to Carlingford Lough, and the Firth of Clyde and North Channel. This is coastal weather context, not evidence of port congestion.","high for the stated forecast period; none for port-wide congestion conditions","Port-specific effects and timestamped port-wide queue, waiting-time and berth-utilisation measurements."
